ContactID,Title,FirstName,MiddleName,LastName,Gender,BirthDay,EmailDomain,Email,Phone
1,Rev,Aylmer,Allyn,Paffitt,Male,1979-12-16,tinyurl.com,AylmerAllyn.Paffitt@tinyurl.com,+374 997 156 7365
2,Rev,Nevile,Damian,Morkham,Male,1988-10-17,cornell.edu,NevileDamian.Morkham@cornell.edu,+86 681 722 7851
3,Mrs,Jolee,,McKeand,Female,1994-04-30,163.com,Jolee.McKeand@163.com,+255 549 341 6044
4,Mr,Bunny,Rora,Craigie,Female,1985-10-12,alibaba.com,BunnyRora.Craigie@alibaba.com,+351 351 523 6618
5,,Raoul,,Sherbrook,Male,1979-10-12,parallels.com,Raoul.Sherbrook@parallels.com,+63 993 694 8922
6,,Aldous,Eduino,Blincowe,Male,1992-07-12,blogger.com,AldousEduino.Blincowe@blogger.com,+63 575 485 6377
7,,Teodorico,,McIlharga,Male,1983-04-15,miitbeian.gov.cn,Teodorico.McIlharga@miitbeian.gov.cn,+962 712 102 7104
8,Ms,Sara-ann,,Barnhart,Female,1985-03-20,imdb.com,Sara-ann.Barnhart@imdb.com,+7 186 386 2919
9,Mr,Claudianus,,Pennington,Male,1973-04-28,issuu.com,Claudianus.Pennington@issuu.com,+63 461 318 9286
10,,Giustino,,Vermer,Male,1979-06-03,usda.gov,Giustino.Vermer@usda.gov,+44 336 186 1288
11,Ms,Melodee,Abbey,Yapp,Female,1984-01-11,nifty.com,MelodeeAbbey.Yapp@nifty.com,+27 691 722 4206
12,Honorable,Delly,,Byre,Female,1977-05-17,cyberchimps.com,Delly.Byre@cyberchimps.com,+7 736 181 2211
13,Dr,Mischa,,Lavrick,Male,1988-03-22,arstechnica.com,Mischa.Lavrick@arstechnica.com,+86 195 675 6607
14,Ms,Sheridan,,Crews,Male,1991-05-13,bloglovin.com,Sheridan.Crews@bloglovin.com,+57 103 964 7630
15,Dr,Agretha,,McGirl,Female,1973-02-24,youku.com,Agretha.McGirl@youku.com,+63 653 384 9186
16,Rev,Gardener,,Dabourne,Male,1992-03-10,yale.edu,Gardener.Dabourne@yale.edu,+66 817 284 6818
17,Mr,Andrea,,Hindes,Female,1971-03-11,npr.org,Andrea.Hindes@npr.org,+39 135 444 4281
18,Rev,Marnie,,Delicate,Female,1993-08-04,about.me,Marnie.Delicate@about.me,+51 894 885 3443
19,,Rikki,,Falconbridge,Female,1980-06-19,hostgator.com,Rikki.Falconbridge@hostgator.com,+86 377 565 6698
20,Mr,Morey,,Ramsell,Male,1972-09-03,mac.com,Morey.Ramsell@mac.com,+46 631 689 9791
21,Honorable,Erv,,Cultcheth,Male,1974-01-07,marriott.com,Erv.Cultcheth@marriott.com,+689 818 773 6319
22,Rev,Allayne,,Jansey,Male,1973-12-29,biglobe.ne.jp,Allayne.Jansey@biglobe.ne.jp,+380 409 365 7712
23,Rev,Penny,,Berndsen,Male,1973-08-05,state.gov,Penny.Berndsen@state.gov,+358 981 631 3836
24,,Artus,,Dublin,Male,1984-07-20,bravesites.com,Artus.Dublin@bravesites.com,+7 331 513 5523
25,Honorable,Erroll,,Kennham,Male,1975-07-22,cbslocal.com,Erroll.Kennham@cbslocal.com,+86 916 704 6658
26,Mrs,Crissie,,Cottom,Female,1974-07-11,feedburner.com,Crissie.Cottom@feedburner.com,+86 444 270 6426
27,Mrs,Annetta,Glori,Clausner,Female,1981-02-06,netlog.com,AnnettaGlori.Clausner@netlog.com,+351 550 288 8112
28,Dr,Audry,,Lamonby,Female,1974-06-29,fc2.com,Audry.Lamonby@fc2.com,+86 497 911 6710
29,Rev,Ivor,,Keelin,Male,1981-11-05,mayoclinic.com,Ivor.Keelin@mayoclinic.com,+48 564 127 6430
30,Mr,Abba,,Bulbeck,Male,1988-04-17,tripod.com,Abba.Bulbeck@tripod.com,+84 165 205 6939
31,Ms,Scarlet,Tara,Elsay,Female,1977-06-02,imgur.com,ScarletTara.Elsay@imgur.com,+53 405 337 8491
32,Mrs,Darn,,Dullingham,Male,1986-05-14,myspace.com,Darn.Dullingham@myspace.com,+55 898 865 7699
33,Dr,Gran,,McAlarney,Male,1973-11-22,themeforest.net,Gran.McAlarney@themeforest.net,+62 985 736 1230
34,Mr,Edlin,,Evershed,Male,1983-01-01,nature.com,Edlin.Evershed@nature.com,+227 119 551 6384
35,Dr,Jeffie,Aldrich,Snasdell,Male,1979-11-20,creativecommons.org,JeffieAldrich.Snasdell@creativecommons.org,+994 228 985 7702
36,,Ahmed,Donnell,Frisch,Male,1994-05-31,miibeian.gov.cn,AhmedDonnell.Frisch@miibeian.gov.cn,+963 755 955 5152
37,Dr,Wain,,Powley,Male,1983-05-23,wikipedia.org,Wain.Powley@wikipedia.org,+51 611 940 3788
38,Rev,Pollyanna,Berny,Cusworth,Female,1984-03-01,linkedin.com,PollyannaBerny.Cusworth@linkedin.com,+84 980 843 0449
39,Mr,Romona,,Bleasdale,Female,1987-08-10,pcworld.com,Romona.Bleasdale@pcworld.com,+1 139 127 7843
40,Mrs,Mort,,Bau,Male,1994-06-23,arizona.edu,Mort.Bau@arizona.edu,+48 395 958 9446
41,Mr,Bernard,,Rowthorn,Male,1992-01-28,chronoengine.com,Bernard.Rowthorn@chronoengine.com,+86 282 240 4590
42,Honorable,Chrissy,,Janku,Female,1980-07-22,deviantart.com,Chrissy.Janku@deviantart.com,+506 777 435 7941
43,,Daffy,,A'Barrow,Female,1973-04-14,liveinternet.ru,Daffy.A'Barrow@liveinternet.ru,+351 347 601 5174
44,Dr,Ari,,Woollhead,Male,1973-02-21,live.com,Ari.Woollhead@live.com,+7 179 649 8093
45,Mrs,Willa,Chrysler,Burnsell,Female,1973-10-23,google.it,WillaChrysler.Burnsell@google.it,+385 808 846 0070
46,,Arlee,Lindsay,Saich,Female,1978-04-02,ustream.tv,ArleeLindsay.Saich@ustream.tv,+62 825 334 7378
47,Mrs,Nev,,Jex,Male,1979-04-13,spiegel.de,Nev.Jex@spiegel.de,+62 814 493 1282
48,Dr,Jonas,Eadmund,Golly,Male,1986-04-16,wordpress.com,JonasEadmund.Golly@wordpress.com,+52 215 868 6720
49,Ms,Marena,,Alps,Female,1991-08-17,guardian.co.uk,Marena.Alps@guardian.co.uk,+51 320 560 7873
50,Ms,Bastien,,Dilke,Male,1976-05-21,quantcast.com,Bastien.Dilke@quantcast.com,+86 855 266 2508
51,Rev,Verina,,Groucock,Female,1988-02-03,jiathis.com,Verina.Groucock@jiathis.com,+92 297 995 1158
52,Dr,Conrade,,Silbermann,Male,1973-05-18,si.edu,Conrade.Silbermann@si.edu,+7 433 318 5486
53,Ms,Clement,,Reeds,Male,1989-05-05,wp.com,Clement.Reeds@wp.com,+48 754 379 8548
54,Mrs,Merline,,Geipel,Female,1987-07-03,state.tx.us,Merline.Geipel@state.tx.us,+62 364 109 2815
55,Honorable,Griswold,,Hobson,Male,1983-02-09,hubpages.com,Griswold.Hobson@hubpages.com,+226 629 313 1891
56,,Brennen,,Licciardello,Male,1988-09-02,bbb.org,Brennen.Licciardello@bbb.org,+216 110 200 5369
57,,Margareta,,Pattrick,Female,1993-05-22,squidoo.com,Margareta.Pattrick@squidoo.com,+62 848 137 0720
58,Mr,Ric,,Laminman,Male,1994-09-17,naver.com,Ric.Laminman@naver.com,+62 273 817 7733
59,,Egor,Pat,MacCahee,Male,1984-06-18,indiegogo.com,EgorPat.MacCahee@indiegogo.com,+420 734 282 9351
60,Mr,Gunilla,,Crossfeld,Female,1974-10-17,mysql.com,Gunilla.Crossfeld@mysql.com,+33 190 579 1396
61,Ms,Devy,,Meikle,Male,1974-07-21,smugmug.com,Devy.Meikle@smugmug.com,+420 849 229 5789
62,Mr,Dorris,,McGrey,Female,1993-09-05,mail.ru,Dorris.McGrey@mail.ru,+358 353 541 0446
63,Honorable,Teodor,,Brager,Male,1987-12-11,google.nl,Teodor.Brager@google.nl,+55 280 353 2237
64,Mr,Willy,,Greedy,Male,1994-01-25,hud.gov,Willy.Greedy@hud.gov,+63 432 253 2924
65,Dr,Nowell,Berkly,Hulkes,Male,1977-12-10,ustream.tv,NowellBerkly.Hulkes@ustream.tv,+54 392 486 5324
66,Ms,Aveline,,Alessandrelli,Female,1976-03-19,google.com,Aveline.Alessandrelli@google.com,+961 868 498 6091
67,Rev,Meredith,Hillie,Treher,Male,1978-12-24,whitehouse.gov,MeredithHillie.Treher@whitehouse.gov,+63 267 321 7167
68,Mr,Cathryn,,Willison,Female,1977-05-10,wufoo.com,Cathryn.Willison@wufoo.com,+47 202 778 8788
69,Dr,Gaspar,,Haslewood,Male,1995-11-09,purevolume.com,Gaspar.Haslewood@purevolume.com,+86 425 450 7200
70,Mr,Libbey,,Abreheart,Female,1994-09-09,google.co.jp,Libbey.Abreheart@google.co.jp,+351 583 106 6238
71,Honorable,Dorelle,,Jones,Female,1982-01-30,businesswire.com,Dorelle.Jones@businesswire.com,+7 576 318 6449
72,Mrs,Ollie,,Raubenheim,Male,1981-10-02,springer.com,Ollie.Raubenheim@springer.com,+58 548 398 9436
73,Mr,Onida,Birgit,Matusovsky,Female,1980-05-13,woothemes.com,OnidaBirgit.Matusovsky@woothemes.com,+7 196 569 2685
74,Mr,Chevy,,See,Male,1977-08-01,google.pl,Chevy.See@google.pl,+55 381 254 1323
75,Mr,Kerrie,,Slaight,Female,1984-11-29,yelp.com,Kerrie.Slaight@yelp.com,+33 835 918 5213
76,Honorable,Bartram,,Wellbank,Male,1976-06-17,ox.ac.uk,Bartram.Wellbank@ox.ac.uk,+46 622 738 7564
77,Ms,Ava,Janene,Farreil,Female,1992-02-10,ibm.com,AvaJanene.Farreil@ibm.com,+33 928 160 5417
78,Honorable,Nicolai,,Middler,Male,1985-05-16,discuz.net,Nicolai.Middler@discuz.net,+971 864 998 5787
79,Mrs,Morgun,,Roughan,Male,1987-06-23,xinhuanet.com,Morgun.Roughan@xinhuanet.com,+55 666 389 2706
80,,Meggy,,Hayzer,Female,1992-06-12,phpbb.com,Meggy.Hayzer@phpbb.com,+967 711 979 3177
81,Honorable,Burgess,,Balazin,Male,1982-02-14,twitpic.com,Burgess.Balazin@twitpic.com,+93 651 759 5210
82,Dr,Dita,,Clemo,Female,1983-12-20,so-net.ne.jp,Dita.Clemo@so-net.ne.jp,+62 398 929 7502
83,Rev,Reeta,,Kadwallider,Female,1983-12-03,arstechnica.com,Reeta.Kadwallider@arstechnica.com,+7 415 433 3738
84,Dr,Anna-maria,Melba,Tapply,Female,1979-03-26,surveymonkey.com,Anna-mariaMelba.Tapply@surveymonkey.com,+62 873 256 6300
85,,Clementius,,Goodbar,Male,1991-06-22,fotki.com,Clementius.Goodbar@fotki.com,+51 823 898 4676
86,Mr,Julius,Errol,Pigny,Male,1979-12-22,virginia.edu,JuliusErrol.Pigny@virginia.edu,+86 971 139 8934
87,Dr,Dorothea,Mag,Shireff,Female,1977-09-13,illinois.edu,DorotheaMag.Shireff@illinois.edu,+86 464 434 9626
88,Honorable,Gennie,,Jedraszek,Female,1982-05-14,php.net,Gennie.Jedraszek@php.net,+240 319 834 2161
89,Dr,Reuben,,Ramalhete,Male,1992-11-07,acquirethisname.com,Reuben.Ramalhete@acquirethisname.com,+95 980 972 1742
90,Mr,Kermit,,Adshed,Male,1974-02-25,statcounter.com,Kermit.Adshed@statcounter.com,+62 466 867 5848
91,Mrs,Seline,,Vakhlov,Female,1986-01-03,jugem.jp,Seline.Vakhlov@jugem.jp,+33 958 362 7477
92,Dr,Brewer,Skipper,Turbern,Male,1991-01-24,tumblr.com,BrewerSkipper.Turbern@tumblr.com,+62 441 914 8969
93,Mrs,Derek,,Denisyuk,Male,1989-09-10,naver.com,Derek.Denisyuk@naver.com,+86 414 608 6476
94,Rev,Florinda,,Leeuwerink,Female,1982-02-13,wufoo.com,Florinda.Leeuwerink@wufoo.com,+86 106 892 3147
95,,Thornton,,McIlory,Male,1993-04-23,uiuc.edu,Thornton.McIlory@uiuc.edu,+86 539 134 2870
96,,Berkly,Tiebout,Pendell,Male,1991-02-01,a8.net,BerklyTiebout.Pendell@a8.net,+355 737 613 2222
97,,Carena,Channa,Gazzard,Female,1975-01-06,gizmodo.com,CarenaChanna.Gazzard@gizmodo.com,+86 167 947 1476
98,Rev,Marlie,,Foran,Female,1971-08-04,so-net.ne.jp,Marlie.Foran@so-net.ne.jp,+1 480 313 3007
99,,Marjory,Marys,Praundl,Female,1984-09-28,cloudflare.com,MarjoryMarys.Praundl@cloudflare.com,+62 262 592 5461
100,,Savina,Concettina,Stinson,Female,1982-01-13,wp.com,SavinaConcettina.Stinson@wp.com,+386 586 712 7067
101,Honorable,Janeta,,Wield,Female,1983-12-31,redcross.org,Janeta.Wield@redcross.org,+62 264 764 8155
102,Mr,Kermie,,Dinneges,Male,1989-09-10,skyrock.com,Kermie.Dinneges@skyrock.com,+27 374 311 8836
103,,Mattheus,,Larciere,Male,1986-02-10,amazon.co.uk,Mattheus.Larciere@amazon.co.uk,+86 542 916 7026
104,Rev,Pattin,,Beasant,Male,1972-08-07,bluehost.com,Pattin.Beasant@bluehost.com,+420 978 707 1204
105,Dr,Bette,,Ricciardello,Female,1980-03-21,npr.org,Bette.Ricciardello@npr.org,+7 863 584 6419
106,Ms,Bernardo,,Litzmann,Male,1982-05-17,prnewswire.com,Bernardo.Litzmann@prnewswire.com,+46 955 191 5413
107,,Meredith,,Spillard,Male,1991-07-07,seattletimes.com,Meredith.Spillard@seattletimes.com,+86 949 805 4875
108,Mrs,Ahmad,,Impey,Male,1986-04-27,bluehost.com,Ahmad.Impey@bluehost.com,+7 523 139 9786
109,,Sibelle,Michaela,Gammie,Female,1975-10-07,alibaba.com,SibelleMichaela.Gammie@alibaba.com,+62 315 982 0463
110,,Lorant,,Chandler,Male,1974-07-27,google.nl,Lorant.Chandler@google.nl,+7 473 594 7084
111,Rev,Jewel,,Keysall,Female,1991-12-07,joomla.org,Jewel.Keysall@joomla.org,+1 816 890 4597
112,Ms,Salaidh,,Ferrarone,Female,1978-02-14,ask.com,Salaidh.Ferrarone@ask.com,+30 238 324 2837
113,Dr,Tasha,,Tregoning,Female,1992-07-18,alexa.com,Tasha.Tregoning@alexa.com,+27 503 513 7523
114,Mrs,Hayyim,,O'Keenan,Male,1982-05-10,harvard.edu,Hayyim.O'Keenan@harvard.edu,+351 686 540 4505
115,Mrs,Clywd,,Blasiak,Male,1995-03-20,stumbleupon.com,Clywd.Blasiak@stumbleupon.com,+234 101 237 3023
116,,Jsandye,,Wardale,Female,1987-01-29,amazon.co.uk,Jsandye.Wardale@amazon.co.uk,+86 426 203 2513
117,Mrs,Lon,,Ghelarducci,Male,1975-01-27,netscape.com,Lon.Ghelarducci@netscape.com,+31 517 206 3543
118,Dr,Hilton,,Minton,Male,1986-06-04,yellowbook.com,Hilton.Minton@yellowbook.com,+33 897 346 9448
119,Mrs,Lay,,Suddick,Male,1988-07-23,weather.com,Lay.Suddick@weather.com,+64 271 249 0332
120,Mr,Carly,Sammie,Matous,Male,1989-12-05,unicef.org,CarlySammie.Matous@unicef.org,+86 217 479 9021
121,Mr,Lewie,Francesco,Morphet,Male,1981-12-19,sourceforge.net,LewieFrancesco.Morphet@sourceforge.net,+51 678 642 2238
122,Mrs,Phylis,,Rowson,Female,1983-01-28,soup.io,Phylis.Rowson@soup.io,+856 572 532 6451
123,Mrs,Rand,Gregoor,Derx,Male,1990-03-30,ucla.edu,RandGregoor.Derx@ucla.edu,+51 438 575 6195
124,Mrs,Skippy,,Ferraro,Male,1988-08-08,sun.com,Skippy.Ferraro@sun.com,+62 791 736 0449
125,Honorable,Erhart,,Crayker,Male,1978-10-07,europa.eu,Erhart.Crayker@europa.eu,+353 355 682 8748
126,Mrs,Perl,Babs,Matherson,Female,1973-09-14,spiegel.de,PerlBabs.Matherson@spiegel.de,+66 863 860 4574
127,Mrs,Zebulen,,Trotman,Male,1990-03-06,scientificamerican.com,Zebulen.Trotman@scientificamerican.com,+1 747 213 3703
128,Honorable,Damon,,Waison,Male,1982-07-23,reuters.com,Damon.Waison@reuters.com,+45 707 893 8031
129,Mr,Hunt,,Lakes,Male,1982-06-20,sphinn.com,Hunt.Lakes@sphinn.com,+86 318 974 0278
130,Rev,Hans,,Crauford,Male,1975-08-16,auda.org.au,Hans.Crauford@auda.org.au,+351 190 190 8021
131,Dr,Diego,,Dunnett,Male,1973-03-11,alibaba.com,Diego.Dunnett@alibaba.com,+62 871 963 9543
132,Rev,Emmott,,Linkie,Male,1979-12-20,tripod.com,Emmott.Linkie@tripod.com,+228 309 694 2022
133,Mr,Leeann,,Shelliday,Female,1993-12-16,ow.ly,Leeann.Shelliday@ow.ly,+216 688 804 9114
134,,Leilah,,Bavage,Female,1979-12-21,adobe.com,Leilah.Bavage@adobe.com,+7 769 604 1162
135,Mrs,Agathe,,Kitman,Female,1980-07-19,goodreads.com,Agathe.Kitman@goodreads.com,+55 964 920 1740
136,Mr,Carola,,Waber,Female,1978-05-30,timesonline.co.uk,Carola.Waber@timesonline.co.uk,+216 760 348 6727
137,Honorable,Temple,,Philipard,Male,1973-11-01,networksolutions.com,Temple.Philipard@networksolutions.com,+93 175 993 4742
138,,Ellwood,,Baff,Male,1995-10-17,cnet.com,Ellwood.Baff@cnet.com,+46 739 202 8140
139,Ms,Corrine,,Tudhope,Female,1991-01-30,freewebs.com,Corrine.Tudhope@freewebs.com,+86 887 375 0874
140,,Edgard,,Heinonen,Male,1976-01-26,furl.net,Edgard.Heinonen@furl.net,+261 646 628 0344
141,Dr,Colman,,Vassar,Male,1984-04-24,godaddy.com,Colman.Vassar@godaddy.com,+63 226 745 3084
142,Ms,Donelle,,McGuckin,Female,1978-01-12,is.gd,Donelle.McGuckin@is.gd,+256 416 132 1016
143,Dr,Dwayne,Armstrong,How to preserve,Male,1978-06-20,jugem.jp,DwayneArmstrong.How to preserve@jugem.jp,+55 766 909 3473
144,Honorable,Gertrudis,,Iorio,Female,1995-02-27,wikispaces.com,Gertrudis.Iorio@wikispaces.com,+55 386 147 6070
145,Honorable,Elset,,Khotler,Female,1988-05-05,businessweek.com,Elset.Khotler@businessweek.com,+54 842 629 0823
146,Mr,Olvan,,Swanborrow,Male,1972-05-05,biblegateway.com,Olvan.Swanborrow@biblegateway.com,+380 704 163 6500
147,,Bar,Skippy,Edland,Male,1978-01-21,timesonline.co.uk,BarSkippy.Edland@timesonline.co.uk,+86 929 920 0979
148,Ms,Ambrosius,,Whitmore,Male,1974-02-20,bravesites.com,Ambrosius.Whitmore@bravesites.com,+963 343 748 4488
149,Dr,Karin,,Sabbins,Female,1971-08-08,nationalgeographic.com,Karin.Sabbins@nationalgeographic.com,+359 882 569 4835
150,Mr,Morie,Virge,Sobczak,Male,1984-04-15,chronoengine.com,MorieVirge.Sobczak@chronoengine.com,+33 787 370 8679
151,Ms,Garrik,,Yea,Male,1993-03-16,ft.com,Garrik.Yea@ft.com,+86 638 265 2511
152,Rev,Lanette,,Simonato,Female,1979-01-06,scientificamerican.com,Lanette.Simonato@scientificamerican.com,+86 744 201 4412
153,,Maxwell,,Railton,Male,1974-02-15,nifty.com,Maxwell.Railton@nifty.com,+593 259 807 7194
154,Honorable,Xenos,Spence,Allender,Male,1988-01-19,nbcnews.com,XenosSpence.Allender@nbcnews.com,+1 114 802 5099
155,Ms,Aron,,Thorsen,Male,1980-05-02,disqus.com,Aron.Thorsen@disqus.com,+57 898 613 6294
156,Honorable,Theo,,Doughtery,Male,1971-07-05,reference.com,Theo.Doughtery@reference.com,+86 602 725 5776
157,,Dominic,,Nary,Male,1980-06-04,google.com.au,Dominic.Nary@google.com.au,+66 517 881 0382
158,Rev,De,,Ouslem,Female,1979-09-11,ow.ly,De.Ouslem@ow.ly,+970 385 188 7687
159,Rev,Anne,,Rizzillo,Female,1992-07-03,independent.co.uk,Anne.Rizzillo@independent.co.uk,+54 954 995 0914
160,Ms,Karee,,Surgen,Female,1992-02-23,printfriendly.com,Karee.Surgen@printfriendly.com,+48 507 807 4380
161,Honorable,Maison,,Nusche,Male,1977-04-19,samsung.com,Maison.Nusche@samsung.com,+52 642 944 4071
162,Honorable,Svend,,Trevena,Male,1973-06-26,economist.com,Svend.Trevena@economist.com,+63 784 282 2623
163,Honorable,Graehme,,Bindon,Male,1994-01-27,sphinn.com,Graehme.Bindon@sphinn.com,+254 840 647 9523
164,,Abramo,,Sculpher,Male,1986-06-24,hp.com,Abramo.Sculpher@hp.com,+62 908 303 6470
165,Dr,Jefferey,,Dukelow,Male,1980-09-20,narod.ru,Jefferey.Dukelow@narod.ru,+86 158 145 0000
166,Mr,Aurie,,Sneesbie,Female,1987-02-22,dropbox.com,Aurie.Sneesbie@dropbox.com,+62 866 576 1818
167,Ms,Trudey,,Pragnall,Female,1974-07-03,twitpic.com,Trudey.Pragnall@twitpic.com,+351 233 324 3694
168,Mr,Kelcey,Prudi,Endricci,Female,1987-06-06,nps.gov,KelceyPrudi.Endricci@nps.gov,+381 732 237 9770
169,Dr,Francyne,Maryjane,Krink,Female,1992-04-14,nbcnews.com,FrancyneMaryjane.Krink@nbcnews.com,+86 989 375 8767
170,Rev,Myca,,Vargas,Male,1986-05-11,digg.com,Myca.Vargas@digg.com,+358 487 506 9972
171,Honorable,Addie,,Tuffin,Female,1977-02-15,europa.eu,Addie.Tuffin@europa.eu,+232 895 811 3206
172,Dr,Bertie,Elnora,Duchesne,Female,1971-11-02,bloomberg.com,BertieElnora.Duchesne@bloomberg.com,+86 816 332 1010
173,Dr,Alf,,Syddon,Male,1995-03-03,independent.co.uk,Alf.Syddon@independent.co.uk,+351 314 925 9171
174,,Regan,,Alleyne,Female,1985-10-21,jigsy.com,Regan.Alleyne@jigsy.com,+86 769 759 9733
175,Honorable,Dale,,Sterricker,Male,1987-07-05,1688.com,Dale.Sterricker@1688.com,+351 925 845 3035
176,Rev,Mayer,Toiboid,McKelloch,Male,1984-11-12,vimeo.com,MayerToiboid.McKelloch@vimeo.com,+1 338 226 9476
177,,Bobbie,Fairfax,MacCollom,Male,1981-01-18,cnbc.com,BobbieFairfax.MacCollom@cnbc.com,+86 720 335 3970
178,Dr,Lydon,,Camfield,Male,1989-11-26,naver.com,Lydon.Camfield@naver.com,+966 821 516 1869
179,Ms,Dolph,,Indgs,Male,1989-05-11,pbs.org,Dolph.Indgs@pbs.org,+63 533 390 2872
180,,Blanche,,Poltone,Female,1987-03-26,wikia.com,Blanche.Poltone@wikia.com,+351 747 825 8719
181,Mrs,Jenine,,Watts,Female,1974-02-01,chron.com,Jenine.Watts@chron.com,+7 787 530 5352
182,Honorable,Latrina,Corry,Schirak,Female,1978-07-30,nps.gov,LatrinaCorry.Schirak@nps.gov,+970 877 279 1474
183,Ms,Quillan,,Dresse,Male,1971-01-13,un.org,Quillan.Dresse@un.org,+63 819 609 5558
184,Mr,Torry,,Frisel,Male,1976-08-30,geocities.jp,Torry.Frisel@geocities.jp,+880 664 489 7465
185,Mrs,Renelle,,Yarrall,Female,1994-01-01,china.com.cn,Renelle.Yarrall@china.com.cn,+62 848 669 6612
186,Dr,Joe,Skylar,Linden,Male,1980-11-06,about.com,JoeSkylar.Linden@about.com,+48 772 782 1880
187,Mrs,Giacobo,,Iskower,Male,1978-02-02,behance.net,Giacobo.Iskower@behance.net,+86 269 102 9278
188,Ms,Dag,,Pym,Male,1972-08-05,baidu.com,Dag.Pym@baidu.com,+7 275 985 7398
189,Dr,Town,,Buggy,Male,1987-01-15,latimes.com,Town.Buggy@latimes.com,+86 959 755 2771
190,,Katharine,Julia,Hymas,Female,1978-03-03,tinypic.com,KatharineJulia.Hymas@tinypic.com,+48 935 949 8165
191,Ms,Moina,,Parradye,Female,1993-11-30,wikia.com,Moina.Parradye@wikia.com,+62 835 696 7401
192,Mrs,Corty,,Stronack,Male,1994-05-18,google.it,Corty.Stronack@google.it,+31 582 132 8194
193,,Devinne,,Blazewicz,Female,1973-11-03,bbc.co.uk,Devinne.Blazewicz@bbc.co.uk,+387 598 724 0593
194,,Averil,,Vahey,Male,1984-05-13,shinystat.com,Averil.Vahey@shinystat.com,+33 900 404 7469
195,Honorable,Shantee,,Morphet,Female,1995-08-08,vkontakte.ru,Shantee.Morphet@vkontakte.ru,+86 952 126 8171
196,Dr,Maighdiln,,Heiner,Female,1987-03-18,boston.com,Maighdiln.Heiner@boston.com,+86 157 440 2825
197,,Elsbeth,,Garfit,Female,1985-12-31,nyu.edu,Elsbeth.Garfit@nyu.edu,+86 670 921 1445
198,Mr,Hunt,Merill,Halward,Male,1993-11-22,wufoo.com,HuntMerill.Halward@wufoo.com,+86 583 860 1256
199,,Fred,Mady,Timmins,Female,1980-09-09,dell.com,FredMady.Timmins@dell.com,+56 289 327 3879
200,,Natale,Mack,Summers,Male,1989-10-13,twitpic.com,NataleMack.Summers@twitpic.com,+62 426 782 7959
201,Mr,Desdemona,,Kissell,Female,1990-01-06,reddit.com,Desdemona.Kissell@reddit.com,+86 805 697 2849
202,Ms,Brantley,,Symington,Male,1990-06-12,amazon.co.jp,Brantley.Symington@amazon.co.jp,+62 937 601 3170
203,Dr,Aloysius,Luigi,Collingham,Male,1994-04-21,walmart.com,AloysiusLuigi.Collingham@walmart.com,+92 424 456 6576
204,,Kevon,,Jone,Male,1984-03-13,people.com.cn,Kevon.Jone@people.com.cn,+63 289 342 1601
205,,Phil,,Duplock,Male,1978-01-10,usa.gov,Phil.Duplock@usa.gov,+7 448 516 3364
206,Rev,Idaline,,Sprull,Female,1986-04-10,psu.edu,Idaline.Sprull@psu.edu,+52 397 863 5089
207,Rev,Forest,,Mucklow,Male,1975-06-21,example.com,Forest.Mucklow@example.com,+46 741 722 0086
208,Mr,Zonda,,Nutbean,Female,1991-03-23,flavors.me,Zonda.Nutbean@flavors.me,+82 454 393 2356
209,Rev,Eyde,,Simonds,Female,1992-09-14,wordpress.org,Eyde.Simonds@wordpress.org,+81 764 830 2380
210,Mrs,Meredith,,Boggis,Female,1976-02-23,tmall.com,Meredith.Boggis@tmall.com,+31 730 851 7792
211,Mr,Sadie,,Gourley,Female,1994-11-01,java.com,Sadie.Gourley@java.com,+86 435 798 1416
212,Dr,Timothy,Jimmie,McCumskay,Male,1990-02-20,shop-pro.jp,TimothyJimmie.McCumskay@shop-pro.jp,+351 521 656 4942
213,Ms,Tiebout,Fairlie,Filpo,Male,1993-07-20,google.es,TieboutFairlie.Filpo@google.es,+7 829 219 6899
214,Dr,Felicle,,Mortimer,Female,1986-01-26,yahoo.co.jp,Felicle.Mortimer@yahoo.co.jp,+66 780 699 3061
215,,Leonardo,Griswold,Mahady,Male,1976-07-31,ask.com,LeonardoGriswold.Mahady@ask.com,+967 564 141 8295
216,Dr,Ly,,Moreby,Male,1986-05-21,dion.ne.jp,Ly.Moreby@dion.ne.jp,+33 105 783 9509
217,Rev,Jennine,,M'Quharge,Female,1983-02-26,histats.com,Jennine.M'Quharge@histats.com,+63 441 400 9446
218,Ms,Julius,,Hendonson,Male,1977-09-01,tinypic.com,Julius.Hendonson@tinypic.com,+353 506 222 1510
219,Ms,Annalise,,Matusov,Female,1980-02-12,mlb.com,Annalise.Matusov@mlb.com,+357 102 491 2484
220,Rev,Catlin,,Worton,Female,1976-06-06,theatlantic.com,Catlin.Worton@theatlantic.com,+86 591 430 9866
