ContactID,Title,FirstName,MiddleName,LastName,Gender,BirthDay,EmailDomain,Email,Phone
1,Rev,Farr,,Gutridge,Male,1973-06-26,aol.com,Farr.Gutridge@aol.com,1085485343
2,Ms,Dodie,,Sawfoot,Female,1979-08-15,vistaprint.com,Dodie.Sawfoot@vistaprint.com,6442387054
3,Rev,Jess,Margarita,Fines,Female,1978-03-29,plala.or.jp,JessMargarita.Fines@plala.or.jp,2119847585
4,Ms,Devan,,Foot,Female,1995-08-20,merriam-webster.com,Devan.Foot@merriam-webster.com,3216603787
5,Dr,Matthew,Stefano,Clemont,Male,1979-05-17,deviantart.com,MatthewStefano.Clemont@deviantart.com,3191041976
6,Ms,Almire,,Caslett,Female,1990-09-02,imageshack.us,Almire.Caslett@imageshack.us,1666737099
7,Ms,Hymie,,Beaty,Male,1978-02-02,constantcontact.com,Hymie.Beaty@constantcontact.com,8274424829
8,,Isaiah,,Gaitley,Male,1989-12-26,usa.gov,Isaiah.Gaitley@usa.gov,3298588279
9,,Jennee,Renelle,Maunton,Female,1995-06-08,cafepress.com,JenneeRenelle.Maunton@cafepress.com,3205266151
10,Rev,Kristin,,Aimson,Female,1995-10-11,marketwatch.com,Kristin.Aimson@marketwatch.com,3315413119
11,Rev,Wini,Sherye,Devereu,Female,1989-10-25,ox.ac.uk,WiniSherye.Devereu@ox.ac.uk,9435433969
12,Rev,Berna,,Oloman,Female,1971-06-02,nydailynews.com,Berna.Oloman@nydailynews.com,5327922685
13,Mr,Inesita,,Spong,Female,1991-01-13,google.de,Inesita.Spong@google.de,8407510925
14,Dr,Damiano,,Orrock,Male,1979-06-22,nps.gov,Damiano.Orrock@nps.gov,2784900450
15,Rev,Patrick,,Wingham,Male,1987-08-30,japanpost.jp,Patrick.Wingham@japanpost.jp,9693644662
16,Dr,Pat,,Mickleburgh,Male,1993-12-19,sohu.com,Pat.Mickleburgh@sohu.com,1529219882
17,Mrs,Barton,Jeramey,Deplacido,Male,1988-10-18,wordpress.com,BartonJeramey.Deplacido@wordpress.com,3468862021
18,,Mariellen,,Yakunikov,Female,1991-02-09,eventbrite.com,Mariellen.Yakunikov@eventbrite.com,7671044747
19,Rev,Melvyn,,Orringe,Male,1974-06-27,cdc.gov,Melvyn.Orringe@cdc.gov,4631579814
20,Dr,Cass,,Bambury,Male,1994-07-28,cnbc.com,Cass.Bambury@cnbc.com,9184464414
21,Mr,Nicolle,,Hrinishin,Female,1973-11-27,noaa.gov,Nicolle.Hrinishin@noaa.gov,4241730968
22,,Arnoldo,,Hovie,Male,1986-07-06,unc.edu,Arnoldo.Hovie@unc.edu,5329363733
23,Rev,Anton,,Moller,Male,1980-02-14,delicious.com,Anton.Moller@delicious.com,5485421711
24,Dr,Hastings,,Zoppo,Male,1988-11-30,sbwire.com,Hastings.Zoppo@sbwire.com,5424660053
25,,Darwin,,Gilardi,Male,1983-10-10,rambler.ru,Darwin.Gilardi@rambler.ru,6949193678
26,Mr,Georgie,,Casiroli,Female,1977-10-01,hubpages.com,Georgie.Casiroli@hubpages.com,7859103330
27,Ms,Armstrong,,Keesman,Male,1982-01-21,rambler.ru,Armstrong.Keesman@rambler.ru,8461628307
28,Dr,Deeanne,,Roxbrough,Female,1974-09-17,china.com.cn,Deeanne.Roxbrough@china.com.cn,4761530442
29,Mrs,Bone,Klement,Ferre,Male,1986-12-08,bbb.org,BoneKlement.Ferre@bbb.org,1522976027
30,Ms,Huntley,,Moppett,Male,1985-07-31,surveymonkey.com,Huntley.Moppett@surveymonkey.com,7869198926
31,Dr,Vonni,Brana,Lighton,Female,1990-03-12,go.com,VonniBrana.Lighton@go.com,7603187913
32,,Crin,,Shufflebotham,Female,1976-03-05,squidoo.com,Crin.Shufflebotham@squidoo.com,6401476717
33,,Jilleen,,Turland,Female,1993-05-06,thetimes.co.uk,Jilleen.Turland@thetimes.co.uk,5917011992
34,,Edvard,Nate,Vitet,Male,1973-08-27,163.com,EdvardNate.Vitet@163.com,3424354763
35,Dr,Sergent,,Hammond,Male,1994-12-22,nyu.edu,Sergent.Hammond@nyu.edu,7167149779
36,Ms,Cymbre,Alaine,Grimsdike,Female,1979-03-30,google.co.uk,CymbreAlaine.Grimsdike@google.co.uk,2968597143
37,Dr,Lorelle,,Cudiff,Female,1974-07-24,arstechnica.com,Lorelle.Cudiff@arstechnica.com,6164845032
38,Dr,Jason,,Daingerfield,Male,1971-09-28,chronoengine.com,Jason.Daingerfield@chronoengine.com,3693125129
39,Dr,Lanae,Ann-marie,Sweed,Female,1985-01-21,ning.com,LanaeAnn-marie.Sweed@ning.com,2585784403
40,Rev,Ebonee,,Syne,Female,1995-02-20,mysql.com,Ebonee.Syne@mysql.com,3587855755
41,Honorable,Marna,,Grace,Female,1983-05-23,dyndns.org,Marna.Grace@dyndns.org,7469924028
42,Rev,Tedman,Husein,Nolleth,Male,1977-07-20,thetimes.co.uk,TedmanHusein.Nolleth@thetimes.co.uk,7666046009
43,Mr,Therine,Ricky,Langton,Female,1976-01-18,google.pl,TherineRicky.Langton@google.pl,2483113053
44,,Sosanna,,Yeulet,Female,1989-07-25,barnesandnoble.com,Sosanna.Yeulet@barnesandnoble.com,9672229359
45,,Kamilah,Maitilde,Lackington,Female,1988-10-25,google.com.br,KamilahMaitilde.Lackington@google.com.br,5011275433
46,Dr,Hayden,,Spark,Male,1992-03-23,tiny.cc,Hayden.Spark@tiny.cc,7478192746
47,Rev,Dukie,Shaw,Apted,Male,1972-11-02,t.co,DukieShaw.Apted@t.co,9476888714
48,Mrs,Lynsey,,Broadnicke,Female,1973-12-17,cafepress.com,Lynsey.Broadnicke@cafepress.com,1325071659
49,Mrs,Auroora,,Dimitriades,Female,1980-05-07,wix.com,Auroora.Dimitriades@wix.com,2215339405
50,Honorable,Jacquetta,,Flux,Female,1973-06-22,shareasale.com,Jacquetta.Flux@shareasale.com,3532489013
51,Mr,Bryon,,Evangelinos,Male,1991-01-06,tiny.cc,Bryon.Evangelinos@tiny.cc,7386886768
52,Rev,Brit,,Deane,Male,1975-02-25,state.tx.us,Brit.Deane@state.tx.us,5937810332
53,Honorable,Gerhard,,Hasselby,Male,1990-08-10,networksolutions.com,Gerhard.Hasselby@networksolutions.com,7305062123
54,,Devlen,Calvin,Shelborne,Male,1973-10-23,dyndns.org,DevlenCalvin.Shelborne@dyndns.org,9687363672
55,Rev,Lenore,,Spawforth,Female,1978-11-28,google.com.hk,Lenore.Spawforth@google.com.hk,5984522005
56,Mrs,Shane,,Taffs,Female,1992-12-26,mapy.cz,Shane.Taffs@mapy.cz,2899478862
57,,Amii,,Coughlan,Female,1984-08-21,utexas.edu,Amii.Coughlan@utexas.edu,7316513412
58,Ms,Daniella,Lottie,Ascraft,Female,1975-06-10,typepad.com,DaniellaLottie.Ascraft@typepad.com,2901789258
59,Mrs,Standford,Grover,McGregor,Male,1971-11-18,blogger.com,StandfordGrover.McGregor@blogger.com,3345892566
60,Mr,Quentin,,Lambden,Female,1994-07-08,wordpress.com,Quentin.Lambden@wordpress.com,4733203826
61,Honorable,Nickey,,Higgen,Male,1991-09-06,yahoo.com,Nickey.Higgen@yahoo.com,5735514795
62,Honorable,Sumner,Bradly,Raoul,Male,1986-07-07,weebly.com,SumnerBradly.Raoul@weebly.com,8154272381
63,Ms,Konstance,,Wassell,Female,1981-09-03,prweb.com,Konstance.Wassell@prweb.com,6851725575
64,Mrs,Jephthah,Rik,Moakler,Male,1976-05-11,weather.com,JephthahRik.Moakler@weather.com,1138822726
65,Ms,Anatol,Elwyn,Calvard,Male,1988-02-24,storify.com,AnatolElwyn.Calvard@storify.com,1578405556
66,,Joy,,Wallage,Female,1972-03-10,jiathis.com,Joy.Wallage@jiathis.com,7957161362
67,Mrs,Gregoire,,Daws,Male,1991-05-10,slashdot.org,Gregoire.Daws@slashdot.org,8091068405
68,,Trefor,Abraham,Wincott,Male,1976-07-06,mediafire.com,TreforAbraham.Wincott@mediafire.com,7445288626
69,Mr,Aharon,,Van der Veldt,Male,1987-03-25,google.ru,Aharon.Van der Veldt@google.ru,8452880087
70,Ms,My,Geoff,Lawranson,Male,1980-01-14,networkadvertising.org,MyGeoff.Lawranson@networkadvertising.org,7609481215
71,,Jerry,,McLarty,Female,1990-10-23,opera.com,Jerry.McLarty@opera.com,4125981614
72,,Salomi,,Olivari,Female,1987-05-14,delicious.com,Salomi.Olivari@delicious.com,5036209812
73,Ms,Lucila,,McGee,Female,1974-12-31,home.pl,Lucila.McGee@home.pl,8129453466
74,Rev,Tammy,,Recke,Female,1992-02-29,google.it,Tammy.Recke@google.it,1447613562
75,,Gerti,,Catlin,Female,1971-03-28,home.pl,Gerti.Catlin@home.pl,2578355095
76,,Sandra,,Grinnov,Female,1989-04-23,ehow.com,Sandra.Grinnov@ehow.com,9202920307
77,,Pollyanna,,Whitcomb,Female,1988-11-03,tinypic.com,Pollyanna.Whitcomb@tinypic.com,2434569624
78,Mr,Bekki,,Buddington,Female,1987-03-05,facebook.com,Bekki.Buddington@facebook.com,4361928328
79,,Sharl,,Joskovitch,Female,1977-04-16,i2i.jp,Sharl.Joskovitch@i2i.jp,3856028875
80,Honorable,Devy,Nichols,Penas,Male,1988-09-12,chronoengine.com,DevyNichols.Penas@chronoengine.com,5192128311
81,Rev,Linn,,Rochelle,Male,1988-09-03,weather.com,Linn.Rochelle@weather.com,9388468087
82,Ms,Terri-jo,,Mullan,Female,1991-02-18,xinhuanet.com,Terri-jo.Mullan@xinhuanet.com,8659419155
83,Mr,Guillema,Francoise,Simmill,Female,1989-02-03,last.fm,GuillemaFrancoise.Simmill@last.fm,2996269615
84,Honorable,Maire,,Schneider,Female,1981-09-25,google.nl,Maire.Schneider@google.nl,8839785275
85,Dr,Petronille,Carmela,Wakley,Female,1979-11-01,techcrunch.com,PetronilleCarmela.Wakley@techcrunch.com,9966525698
86,Honorable,Randolph,,Higginbottam,Male,1987-03-26,yolasite.com,Randolph.Higginbottam@yolasite.com,8527775484
87,Ms,Mauricio,Kennith,Malloy,Male,1988-07-12,zimbio.com,MauricioKennith.Malloy@zimbio.com,2375139430
88,Honorable,Rodolphe,,Shirrell,Male,1978-11-19,statcounter.com,Rodolphe.Shirrell@statcounter.com,9821787177
89,,Minerva,,McIan,Female,1985-04-11,google.ru,Minerva.McIan@google.ru,2632318663
90,Dr,Valle,,McIlraith,Male,1972-08-20,bloglovin.com,Valle.McIlraith@bloglovin.com,4959876409
91,Dr,Boris,,Codron,Male,1991-06-16,about.me,Boris.Codron@about.me,9346762840
92,Mr,Darius,,Leathley,Male,1982-07-20,gmpg.org,Darius.Leathley@gmpg.org,8244255515
93,,Andrej,,Luard,Male,1985-06-30,symantec.com,Andrej.Luard@symantec.com,9792858932
94,,Barrie,,Vost,Female,1976-06-08,miitbeian.gov.cn,Barrie.Vost@miitbeian.gov.cn,3403018480
95,Mrs,Hobard,,Kaindl,Male,1988-05-03,github.com,Hobard.Kaindl@github.com,5105585786
96,,Andros,,De Roeck,Male,1977-08-31,adobe.com,Andros.De Roeck@adobe.com,6541984035
97,Ms,Gallagher,Waylin,Mitie,Male,1976-05-03,odnoklassniki.ru,GallagherWaylin.Mitie@odnoklassniki.ru,6518938040
98,,Shauna,,Fulle,Female,1986-01-07,ning.com,Shauna.Fulle@ning.com,8013483461
99,Dr,Claresta,,Dring,Female,1983-02-22,epa.gov,Claresta.Dring@epa.gov,7949354258
100,,Merridie,Cecil,Lowndes,Female,1992-06-03,princeton.edu,MerridieCecil.Lowndes@princeton.edu,6751467701
101,Mrs,Benjamin,Thatch,Pargetter,Male,1983-12-22,ucoz.com,BenjaminThatch.Pargetter@ucoz.com,4539151009
102,Rev,Stephen,Montgomery,Rhelton,Male,1973-03-21,rambler.ru,StephenMontgomery.Rhelton@rambler.ru,3112343514
103,Mrs,Cammie,,Ribbens,Female,1975-09-02,ftc.gov,Cammie.Ribbens@ftc.gov,4862263068
104,Mrs,Randee,,Emms,Female,1988-09-07,uiuc.edu,Randee.Emms@uiuc.edu,6303875626
105,Mr,Auroora,,Kurten,Female,1990-04-14,theglobeandmail.com,Auroora.Kurten@theglobeandmail.com,7097907053
106,Mr,Rowen,Petey,Mees,Male,1979-09-27,ow.ly,RowenPetey.Mees@ow.ly,3485225637
107,Mrs,Harmony,,Hordle,Female,1985-07-31,networksolutions.com,Harmony.Hordle@networksolutions.com,1496035450
108,Ms,Bern,,Lowings,Male,1987-12-07,narod.ru,Bern.Lowings@narod.ru,4153325039
109,Rev,Alasdair,,Medford,Male,1984-03-11,wikimedia.org,Alasdair.Medford@wikimedia.org,3706689500
110,Dr,Shepperd,Worden,Cargenven,Male,1991-10-07,xrea.com,ShepperdWorden.Cargenven@xrea.com,4763727354
111,Honorable,Edie,,Gargett,Female,1978-07-25,cbslocal.com,Edie.Gargett@cbslocal.com,4093969563
112,Mr,Fran,Forbes,Godlee,Male,1994-03-20,live.com,FranForbes.Godlee@live.com,2853595960
113,,Kattie,,Haddacks,Female,1971-05-07,imageshack.us,Kattie.Haddacks@imageshack.us,8792416319
114,Rev,Loralyn,,Craisford,Female,1972-07-26,shareasale.com,Loralyn.Craisford@shareasale.com,7691875095
115,Rev,Trueman,,Filippello,Male,1983-12-20,twitpic.com,Trueman.Filippello@twitpic.com,1689604386
116,Ms,Wolf,,Burgett,Male,1994-11-25,mapy.cz,Wolf.Burgett@mapy.cz,5743207516
117,Mr,Matti,Wendi,Sadlier,Female,1980-05-10,google.fr,MattiWendi.Sadlier@google.fr,7033790409
118,Mrs,Hewet,,Steedman,Male,1988-07-16,delicious.com,Hewet.Steedman@delicious.com,9988911953
119,Mrs,Glynn,Goober,Pierrepont,Male,1991-12-26,wikispaces.com,GlynnGoober.Pierrepont@wikispaces.com,6592881294
120,Mrs,Seka,,Sawrey,Female,1993-06-09,marketwatch.com,Seka.Sawrey@marketwatch.com,3551261310
121,Mrs,Rosemary,,Huckerbe,Female,1987-12-23,cafepress.com,Rosemary.Huckerbe@cafepress.com,8567986696
122,Mrs,Marabel,,Faulder,Female,1994-06-27,sohu.com,Marabel.Faulder@sohu.com,9316635040
123,Ms,Tiena,Cathrin,Reisk,Female,1995-03-17,printfriendly.com,TienaCathrin.Reisk@printfriendly.com,8968322197
124,Mr,Chan,,Gosneye,Male,1990-10-01,webeden.co.uk,Chan.Gosneye@webeden.co.uk,5974713847
125,,Becky,Camel,Rucklidge,Female,1981-10-09,auda.org.au,BeckyCamel.Rucklidge@auda.org.au,8809058302
126,Honorable,Dixie,,Kornyshev,Female,1994-10-20,example.com,Dixie.Kornyshev@example.com,3841070036
127,Mrs,Cleo,,Chesterton,Female,1990-03-12,free.fr,Cleo.Chesterton@free.fr,8417776294
128,Mr,Dimitry,,Mc Gorley,Male,1971-11-12,bbb.org,Dimitry.Mc Gorley@bbb.org,9291087104
129,Dr,Joeann,Tamarra,Cutten,Female,1994-09-19,unicef.org,JoeannTamarra.Cutten@unicef.org,2455264493
130,,Chaunce,,Tumility,Male,1974-06-27,npr.org,Chaunce.Tumility@npr.org,9455678315
