ContactID,Title,FirstName,MiddleName,LastName,Gender,BirthDay,Email,Phone
1,Rev,Farr,,Gutridge,Male,26-06-73,Farr.Gutridge@aol.com,1085485343
2,Ms,Dodie,,Sawfoot,Female,15-08-79,Dodie.Sawfoot@vistaprint.com,6442387054
3,Rev,Jess,Margarita,Fines,Female,29-03-78,JessMargarita.Fines@plala.or.jp,2119847585
4,Ms,Devan,,Foot,Female,20-08-95,Devan.Foot@merriam-webster.com,3216603787
5,Dr,Matthew,Stefano,Clemont,Male,17-05-79,MatthewStefano.Clemont@deviantart.com,3191041976
6,Ms,Almire,,Caslett,Female,02-09-90,Almire.Caslett@imageshack.us,1666737099
7,Ms,Hymie,,Beaty,Male,02-02-78,Hymie.Beaty@constantcontact.com,8274424829
8,,Isaiah,,Gaitley,Male,26-12-89,Isaiah.Gaitley@usa.gov,3298588279
9,,Jennee,Renelle,Maunton,Female,08-06-95,JenneeRenelle.Maunton@cafepress.com,3205266151
10,Rev,Kristin,,Aimson,Female,11-10-95,Kristin.Aimson@marketwatch.com,3315413119
11,Rev,Wini,Sherye,Devereu,Female,25-10-89,WiniSherye.Devereu@ox.ac.uk,9435433969
12,Rev,Berna,,Oloman,Female,02-06-71,Berna.Oloman@nydailynews.com,5327922685
13,Mr,Inesita,,Spong,Female,13-01-91,Inesita.Spong@google.de,8407510925
14,Dr,Damiano,,Orrock,Male,22-06-79,Damiano.Orrock@nps.gov,2784900450
15,Rev,Patrick,,Wingham,Male,30-08-87,Patrick.Wingham@japanpost.jp,9693644662
16,Dr,Pat,,Mickleburgh,Male,19-12-93,Pat.Mickleburgh@sohu.com,1529219882
17,Mrs,Barton,Jeramey,Deplacido,Male,18-10-88,BartonJeramey.Deplacido@wordpress.com,3468862021
18,,Mariellen,,Yakunikov,Female,09-02-91,Mariellen.Yakunikov@eventbrite.com,7671044747
19,Rev,Melvyn,,Orringe,Male,27-06-74,Melvyn.Orringe@cdc.gov,4631579814
20,Dr,Cass,,Bambury,Male,28-07-94,Cass.Bambury@cnbc.com,9184464414
21,Mr,Nicolle,,Hrinishin,Female,27-11-73,Nicolle.Hrinishin@noaa.gov,4241730968
22,,Arnoldo,,Hovie,Male,06-07-86,Arnoldo.Hovie@unc.edu,5329363733
23,Rev,Anton,,Moller,Male,14-02-80,Anton.Moller@delicious.com,5485421711
24,Dr,Hastings,,Zoppo,Male,30-11-88,Hastings.Zoppo@sbwire.com,5424660053
25,,Darwin,,Gilardi,Male,10-10-83,Darwin.Gilardi@rambler.ru,6949193678
26,Mr,Georgie,,Casiroli,Female,01-10-77,Georgie.Casiroli@hubpages.com,7859103330
27,Ms,Armstrong,,Keesman,Male,21-01-82,Armstrong.Keesman@rambler.ru,8461628307
28,Dr,Deeanne,,Roxbrough,Female,17-09-74,Deeanne.Roxbrough@china.com.cn,4761530442
29,Mrs,Bone,Klement,Ferre,Male,08-12-86,BoneKlement.Ferre@bbb.org,1522976027
30,Ms,Huntley,,Moppett,Male,31-07-85,Huntley.Moppett@surveymonkey.com,7869198926
31,Dr,Vonni,Brana,Lighton,Female,12-03-90,VonniBrana.Lighton@go.com,7603187913
32,,Crin,,Shufflebotham,Female,05-03-76,Crin.Shufflebotham@squidoo.com,6401476717
33,,Jilleen,,Turland,Female,06-05-93,Jilleen.Turland@thetimes.co.uk,5917011992
34,,Edvard,Nate,Vitet,Male,27-08-73,EdvardNate.Vitet@163.com,3424354763
35,Dr,Sergent,,Hammond,Male,22-12-94,Sergent.Hammond@nyu.edu,7167149779
36,Ms,Cymbre,Alaine,Grimsdike,Female,30-03-79,CymbreAlaine.Grimsdike@google.co.uk,2968597143
37,Dr,Lorelle,,Cudiff,Female,24-07-74,Lorelle.Cudiff@arstechnica.com,6164845032
38,Dr,Jason,,Daingerfield,Male,28-09-71,Jason.Daingerfield@chronoengine.com,3693125129
39,Dr,Lanae,Ann-marie,Sweed,Female,21-01-85,LanaeAnn-marie.Sweed@ning.com,2585784403
40,Rev,Ebonee,,Syne,Female,20-02-95,Ebonee.Syne@mysql.com,3587855755
41,Honorable,Marna,,Grace,Female,23-05-83,Marna.Grace@dyndns.org,7469924028
42,Rev,Tedman,Husein,Nolleth,Male,20-07-77,TedmanHusein.Nolleth@thetimes.co.uk,7666046009
43,Mr,Therine,Ricky,Langton,Female,18-01-76,TherineRicky.Langton@google.pl,2483113053
44,,Sosanna,,Yeulet,Female,25-07-89,Sosanna.Yeulet@barnesandnoble.com,9672229359
45,,Kamilah,Maitilde,Lackington,Female,25-10-88,KamilahMaitilde.Lackington@google.com.br,5011275433
46,Dr,Hayden,,Spark,Male,23-03-92,Hayden.Spark@tiny.cc,7478192746
47,Rev,Dukie,Shaw,Apted,Male,02-11-72,DukieShaw.Apted@t.co,9476888714
48,Mrs,Lynsey,,Broadnicke,Female,17-12-73,Lynsey.Broadnicke@cafepress.com,1325071659
49,Mrs,Auroora,,Dimitriades,Female,07-05-80,Auroora.Dimitriades@wix.com,2215339405
50,Honorable,Jacquetta,,Flux,Female,22-06-73,Jacquetta.Flux@shareasale.com,3532489013
51,Mr,Bryon,,Evangelinos,Male,06-01-91,Bryon.Evangelinos@tiny.cc,7386886768
52,Rev,Brit,,Deane,Male,25-02-75,Brit.Deane@state.tx.us,5937810332
53,Honorable,Gerhard,,Hasselby,Male,10-08-90,Gerhard.Hasselby@networksolutions.com,7305062123
54,,Devlen,Calvin,Shelborne,Male,23-10-73,DevlenCalvin.Shelborne@dyndns.org,9687363672
55,Rev,Lenore,,Spawforth,Female,28-11-78,Lenore.Spawforth@google.com.hk,5984522005
56,Mrs,Shane,,Taffs,Female,26-12-92,Shane.Taffs@mapy.cz,2899478862
57,,Amii,,Coughlan,Female,21-08-84,Amii.Coughlan@utexas.edu,7316513412
58,Ms,Daniella,Lottie,Ascraft,Female,10-06-75,DaniellaLottie.Ascraft@typepad.com,2901789258
59,Mrs,Standford,Grover,McGregor,Male,18-11-71,StandfordGrover.McGregor@blogger.com,3345892566
60,Mr,Quentin,,Lambden,Female,08-07-94,Quentin.Lambden@wordpress.com,4733203826
61,Honorable,Nickey,,Higgen,Male,06-09-91,Nickey.Higgen@yahoo.com,5735514795
62,Honorable,Sumner,Bradly,Raoul,Male,07-07-86,SumnerBradly.Raoul@weebly.com,8154272381
63,Ms,Konstance,,Wassell,Female,03-09-81,Konstance.Wassell@prweb.com,6851725575
64,Mrs,Jephthah,Rik,Moakler,Male,11-05-76,JephthahRik.Moakler@weather.com,1138822726
65,Ms,Anatol,Elwyn,Calvard,Male,24-02-88,AnatolElwyn.Calvard@storify.com,1578405556
66,,Joy,,Wallage,Female,10-03-72,Joy.Wallage@jiathis.com,7957161362
67,Mrs,Gregoire,,Daws,Male,10-05-91,Gregoire.Daws@slashdot.org,8091068405
68,,Trefor,Abraham,Wincott,Male,06-07-76,TreforAbraham.Wincott@mediafire.com,7445288626
69,Mr,Aharon,,Van der Veldt,Male,25-03-87,Aharon.Van der Veldt@google.ru,8452880087
70,Ms,My,Geoff,Lawranson,Male,14-01-80,MyGeoff.Lawranson@networkadvertising.org,7609481215
71,,Jerry,,McLarty,Female,23-10-90,Jerry.McLarty@opera.com,4125981614
72,,Salomi,,Olivari,Female,14-05-87,Salomi.Olivari@delicious.com,5036209812
73,Ms,Lucila,,McGee,Female,31-12-74,Lucila.McGee@home.pl,8129453466
74,Rev,Tammy,,Recke,Female,29-02-92,Tammy.Recke@google.it,1447613562
75,,Gerti,,Catlin,Female,28-03-71,Gerti.Catlin@home.pl,2578355095
76,,Sandra,,Grinnov,Female,23-04-89,Sandra.Grinnov@ehow.com,9202920307
77,,Pollyanna,,Whitcomb,Female,03-11-88,Pollyanna.Whitcomb@tinypic.com,2434569624
78,Mr,Bekki,,Buddington,Female,05-03-87,Bekki.Buddington@facebook.com,4361928328
79,,Sharl,,Joskovitch,Female,16-04-77,Sharl.Joskovitch@i2i.jp,3856028875
80,Honorable,Devy,Nichols,Penas,Male,12-09-88,DevyNichols.Penas@chronoengine.com,5192128311
81,Rev,Linn,,Rochelle,Male,03-09-88,Linn.Rochelle@weather.com,9388468087
82,Ms,Terri-jo,,Mullan,Female,18-02-91,Terri-jo.Mullan@xinhuanet.com,8659419155
83,Mr,Guillema,Francoise,Simmill,Female,03-02-89,GuillemaFrancoise.Simmill@last.fm,2996269615
84,Honorable,Maire,,Schneider,Female,25-09-81,Maire.Schneider@google.nl,8839785275
85,Dr,Petronille,Carmela,Wakley,Female,01-11-79,PetronilleCarmela.Wakley@techcrunch.com,9966525698
86,Honorable,Randolph,,Higginbottam,Male,26-03-87,Randolph.Higginbottam@yolasite.com,8527775484
87,Ms,Mauricio,Kennith,Malloy,Male,12-07-88,MauricioKennith.Malloy@zimbio.com,2375139430
88,Honorable,Rodolphe,,Shirrell,Male,19-11-78,Rodolphe.Shirrell@statcounter.com,9821787177
89,,Minerva,,McIan,Female,11-04-85,Minerva.McIan@google.ru,2632318663
90,Dr,Valle,,McIlraith,Male,20-08-72,Valle.McIlraith@bloglovin.com,4959876409
91,Dr,Boris,,Codron,Male,16-06-91,Boris.Codron@about.me,9346762840
92,Mr,Darius,,Leathley,Male,20-07-82,Darius.Leathley@gmpg.org,8244255515
93,,Andrej,,Luard,Male,30-06-85,Andrej.Luard@symantec.com,9792858932
94,,Barrie,,Vost,Female,08-06-76,Barrie.Vost@miitbeian.gov.cn,3403018480
95,Mrs,Hobard,,Kaindl,Male,03-05-88,Hobard.Kaindl@github.com,5105585786
96,,Andros,,De Roeck,Male,31-08-77,Andros.De Roeck@adobe.com,6541984035
97,Ms,Gallagher,Waylin,Mitie,Male,03-05-76,GallagherWaylin.Mitie@odnoklassniki.ru,6518938040
98,,Shauna,,Fulle,Female,07-01-86,Shauna.Fulle@ning.com,8013483461
99,Dr,Claresta,,Dring,Female,22-02-83,Claresta.Dring@epa.gov,7949354258
100,,Merridie,Cecil,Lowndes,Female,03-06-92,MerridieCecil.Lowndes@princeton.edu,6751467701
101,Mrs,Benjamin,Thatch,Pargetter,Male,22-12-83,BenjaminThatch.Pargetter@ucoz.com,4539151009
102,Rev,Stephen,Montgomery,Rhelton,Male,21-03-73,StephenMontgomery.Rhelton@rambler.ru,3112343514
103,Mrs,Cammie,,Ribbens,Female,02-09-75,Cammie.Ribbens@ftc.gov,4862263068
104,Mrs,Randee,,Emms,Female,07-09-88,Randee.Emms@uiuc.edu,6303875626
105,Mr,Auroora,,Kurten,Female,14-04-90,Auroora.Kurten@theglobeandmail.com,7097907053
106,Mr,Rowen,Petey,Mees,Male,27-09-79,RowenPetey.Mees@ow.ly,3485225637
107,Mrs,Harmony,,Hordle,Female,31-07-85,Harmony.Hordle@networksolutions.com,1496035450
108,Ms,Bern,,Lowings,Male,07-12-87,Bern.Lowings@narod.ru,4153325039
109,Rev,Alasdair,,Medford,Male,11-03-84,Alasdair.Medford@wikimedia.org,3706689500
110,Dr,Shepperd,Worden,Cargenven,Male,07-10-91,ShepperdWorden.Cargenven@xrea.com,4763727354
111,Honorable,Edie,,Gargett,Female,25-07-78,Edie.Gargett@cbslocal.com,4093969563
112,Mr,Fran,Forbes,Godlee,Male,20-03-94,FranForbes.Godlee@live.com,2853595960
113,,Kattie,,Haddacks,Female,07-05-71,Kattie.Haddacks@imageshack.us,8792416319
114,Rev,Loralyn,,Craisford,Female,26-07-72,Loralyn.Craisford@shareasale.com,7691875095
115,Rev,Trueman,,Filippello,Male,20-12-83,Trueman.Filippello@twitpic.com,1689604386
116,Ms,Wolf,,Burgett,Male,25-11-94,Wolf.Burgett@mapy.cz,5743207516
117,Mr,Matti,Wendi,Sadlier,Female,10-05-80,MattiWendi.Sadlier@google.fr,7033790409
118,Mrs,Hewet,,Steedman,Male,16-07-88,Hewet.Steedman@delicious.com,9988911953
119,Mrs,Glynn,Goober,Pierrepont,Male,26-12-91,GlynnGoober.Pierrepont@wikispaces.com,6592881294
120,Mrs,Seka,,Sawrey,Female,09-06-93,Seka.Sawrey@marketwatch.com,3551261310
121,Mrs,Rosemary,,Huckerbe,Female,23-12-87,Rosemary.Huckerbe@cafepress.com,8567986696
122,Mrs,Marabel,,Faulder,Female,27-06-94,Marabel.Faulder@sohu.com,9316635040
123,Ms,Tiena,Cathrin,Reisk,Female,17-03-95,TienaCathrin.Reisk@printfriendly.com,8968322197
124,Mr,Chan,,Gosneye,Male,01-10-90,Chan.Gosneye@webeden.co.uk,5974713847
125,,Becky,Camel,Rucklidge,Female,09-10-81,BeckyCamel.Rucklidge@auda.org.au,8809058302
126,Honorable,Dixie,,Kornyshev,Female,20-10-94,Dixie.Kornyshev@example.com,3841070036
127,Mrs,Cleo,,Chesterton,Female,12-03-90,Cleo.Chesterton@free.fr,8417776294
128,Mr,Dimitry,,Mc Gorley,Male,12-11-71,Dimitry.Mc Gorley@bbb.org,9291087104
129,Dr,Joeann,Tamarra,Cutten,Female,19-09-94,JoeannTamarra.Cutten@unicef.org,2455264493
130,,Chaunce,,Tumility,Male,27-06-74,Chaunce.Tumility@npr.org,9455678315
