ContactID,Title,FirstName,MiddleName,LastName,Gender,BirthDay,EmailDomain,Email,Phone
1,Honorable,Talbot,Claudianus,Geard,Male,1979-12-05,jalbum.net,TalbotClaudianus.Geard@jalbum.net,9912778756
2,Mrs,Siusan,,Pentecost,Female,1993-08-31,go.com,Siusan.Pentecost@go.com,2439542704
3,Dr,Gradey,,Willmott,Male,1992-11-02,miitbeian.gov.cn,Gradey.Willmott@miitbeian.gov.cn,2147697860
4,Mr,Ray,,Ilyasov,Male,1990-12-13,kickstarter.com,Ray.Ilyasov@kickstarter.com,7123084070
5,Dr,Giorgi,Gaultiero,Walshaw,Male,1974-04-25,ow.ly,GiorgiGaultiero.Walshaw@ow.ly,2712288719
6,,Ambur,,Queste,Female,1989-10-02,nba.com,Ambur.Queste@nba.com,4223537135
7,,Vevay,,Hurcombe,Female,1988-08-09,cnn.com,Vevay.Hurcombe@cnn.com,7036907083
8,Ms,Karole,,Creese,Female,1995-05-22,quantcast.com,Karole.Creese@quantcast.com,6656812247
9,Ms,Beatriz,,Strongman,Female,1987-04-11,army.mil,Beatriz.Strongman@army.mil,6363623151
10,Dr,Linette,,Pinck,Female,1992-10-24,reuters.com,Linette.Pinck@reuters.com,7054603495
11,,Murial,,Steljes,Female,1976-12-15,dailymail.co.uk,Murial.Steljes@dailymail.co.uk,3543644982
12,Mr,Ciel,,Forestall,Female,1994-07-23,rediff.com,Ciel.Forestall@rediff.com,3675368810
13,Mrs,Christina,,Currm,Female,1972-05-26,hao123.com,Christina.Currm@hao123.com,2842307996
14,Mrs,Jock,,McGuggy,Male,1995-02-12,mit.edu,Jock.McGuggy@mit.edu,9631842627
15,Mr,Siusan,,Leathley,Female,1988-03-11,icq.com,Siusan.Leathley@icq.com,5131484621
16,Ms,Maxie,Cristionna,Lailey,Female,1981-05-01,paginegialle.it,MaxieCristionna.Lailey@paginegialle.it,1806980490
17,Rev,Sam,,Blackly,Male,1995-10-21,wikipedia.org,Sam.Blackly@wikipedia.org,6286761432
18,,Warden,,Piggot,Male,1978-12-07,symantec.com,Warden.Piggot@symantec.com,3003199136
19,Honorable,Amandy,,Hardbattle,Female,1992-10-15,forbes.com,Amandy.Hardbattle@forbes.com,1921243693
20,Ms,Allie,,Flook,Male,1976-04-16,gmpg.org,Allie.Flook@gmpg.org,4837945068
21,Honorable,Lexy,,Durnell,Female,1981-03-13,shop-pro.jp,Lexy.Durnell@shop-pro.jp,3598146664
22,Mr,Tiphanie,,Abbys,Female,1977-08-16,mtv.com,Tiphanie.Abbys@mtv.com,3306558682
23,,Portie,,Currin,Male,1971-07-25,g.co,Portie.Currin@g.co,5027208904
24,Mrs,Karna,Helen,Yerrall,Female,1991-08-04,angelfire.com,KarnaHelen.Yerrall@angelfire.com,9106452800
25,Rev,Nicola,,Butrimovich,Male,1971-03-29,gizmodo.com,Nicola.Butrimovich@gizmodo.com,1372906117
26,Mr,Hadrian,Andrus,Guerrero,Male,1987-09-23,usatoday.com,HadrianAndrus.Guerrero@usatoday.com,6295673419
27,,Nalani,,Dowrey,Female,1994-02-09,stanford.edu,Nalani.Dowrey@stanford.edu,8991262935
28,Honorable,Andriana,,Van der Kruijs,Female,1981-06-20,blog.com,Andriana.Van der Kruijs@blog.com,6452887997
29,Rev,Donni,Mommy,Meijer,Female,1988-03-21,boston.com,DonniMommy.Meijer@boston.com,4683197721
30,Rev,Gaylord,,Desaur,Male,1976-11-26,goodreads.com,Gaylord.Desaur@goodreads.com,7752671221
31,Honorable,Rolfe,,Pevsner,Male,1979-06-23,wordpress.org,Rolfe.Pevsner@wordpress.org,1021710623
32,Mrs,Kasper,,Traill,Male,1987-07-08,amazonaws.com,Kasper.Traill@amazonaws.com,3599224716
33,,Lemmy,,Erskine,Male,1979-08-09,dedecms.com,Lemmy.Erskine@dedecms.com,5312208376
34,Honorable,Armin,,Pinnere,Male,1991-06-02,issuu.com,Armin.Pinnere@issuu.com,3465483162
35,Mrs,Rosco,Samuele,Troillet,Male,1974-07-12,telegraph.co.uk,RoscoSamuele.Troillet@telegraph.co.uk,7589898682
36,,Calypso,,Dittson,Female,1995-11-15,tiny.cc,Calypso.Dittson@tiny.cc,4294912489
37,Mrs,Prissie,,Lerigo,Female,1984-12-16,purevolume.com,Prissie.Lerigo@purevolume.com,9336534446
38,Rev,Tobey,,Crompton,Female,1985-06-24,marketwatch.com,Tobey.Crompton@marketwatch.com,2808875457
39,Mrs,Jimmy,,Wankel,Male,1975-08-15,state.gov,Jimmy.Wankel@state.gov,4608700491
40,Honorable,Donia,,Bendson,Female,1971-10-10,nba.com,Donia.Bendson@nba.com,9298947010
41,Mr,Elihu,Dalton,Rentz,Male,1986-04-17,fc2.com,ElihuDalton.Rentz@fc2.com,9174113500
42,Ms,Elwyn,,Daltry,Male,1980-10-23,wordpress.org,Elwyn.Daltry@wordpress.org,5928312538
43,Dr,Reagan,,Dimblebee,Male,1981-07-26,bluehost.com,Reagan.Dimblebee@bluehost.com,2895926117
44,Mr,Hammad,,Edmund,Male,1981-09-26,harvard.edu,Hammad.Edmund@harvard.edu,8051298286
45,Rev,Camellia,,Drache,Female,1984-09-20,senate.gov,Camellia.Drache@senate.gov,5693006613
46,Honorable,Austine,,Jakubiak,Female,1985-04-02,macromedia.com,Austine.Jakubiak@macromedia.com,6817922116
47,Honorable,Bobette,,Drynan,Female,1985-10-05,elegantthemes.com,Bobette.Drynan@elegantthemes.com,3152019424
48,Mr,Sharona,,Lucus,Female,1991-12-01,ycombinator.com,Sharona.Lucus@ycombinator.com,8153265625
49,Honorable,Ruthann,,Vero,Female,1972-08-20,sciencedirect.com,Ruthann.Vero@sciencedirect.com,7327042430
50,Ms,Walker,,Meeus,Male,1987-12-09,linkedin.com,Walker.Meeus@linkedin.com,6536786771
51,Ms,Hartwell,Cletus,D'Cruze,Male,1991-06-21,qq.com,HartwellCletus.D'Cruze@qq.com,6954772668
52,Rev,Renie,Teressa,De Beneditti,Female,1990-12-21,mapy.cz,RenieTeressa.De Beneditti@mapy.cz,8254335148
53,Dr,Diena,,Vannah,Female,1982-01-08,ted.com,Diena.Vannah@ted.com,4431198263
54,Ms,Burg,,Hubert,Male,1971-07-04,xinhuanet.com,Burg.Hubert@xinhuanet.com,2595717144
55,Mr,Helenelizabeth,,Ianiello,Female,1990-06-21,topsy.com,Helenelizabeth.Ianiello@topsy.com,7419147098
56,,Molli,,Samart,Female,1992-09-25,rediff.com,Molli.Samart@rediff.com,4766602867
57,Mr,Kinny,,Charlo,Male,1980-12-09,webnode.com,Kinny.Charlo@webnode.com,7684945199
58,Mr,Jule,Elmore,Spanton,Male,1991-02-22,cam.ac.uk,JuleElmore.Spanton@cam.ac.uk,3977499491
59,Honorable,Templeton,,Hele,Male,1994-10-04,stumbleupon.com,Templeton.Hele@stumbleupon.com,3469950722
60,Rev,Darlene,,Harewood,Female,1976-02-03,youku.com,Darlene.Harewood@youku.com,8598475966
61,Dr,Clarabelle,,Coole,Female,1981-05-23,nationalgeographic.com,Clarabelle.Coole@nationalgeographic.com,2401435311
62,Mr,Nannie,Drusilla,Dwelling,Female,1976-06-01,seattletimes.com,NannieDrusilla.Dwelling@seattletimes.com,2335162519
63,,Rex,,Balme,Male,1986-03-13,deliciousdays.com,Rex.Balme@deliciousdays.com,5393991904
64,Honorable,Marti,Gavra,Phelan,Female,1992-11-18,t-online.de,MartiGavra.Phelan@t-online.de,2715936019
65,,Sisely,Krissie,Stollenbecker,Female,1994-08-05,163.com,SiselyKrissie.Stollenbecker@163.com,7103419869
66,Dr,Ekaterina,,Powley,Female,1985-01-24,feedburner.com,Ekaterina.Powley@feedburner.com,5312217853
67,Mrs,Ulick,,McAllen,Male,1994-08-01,mapquest.com,Ulick.McAllen@mapquest.com,1756399371
68,Ms,Eleonore,,Geeraert,Female,1979-10-23,engadget.com,Eleonore.Geeraert@engadget.com,3823980048
69,Ms,Amabel,,Antoniak,Female,1982-08-01,oaic.gov.au,Amabel.Antoniak@oaic.gov.au,1408155213
70,Honorable,Ailee,,Camelli,Female,1983-03-07,examiner.com,Ailee.Camelli@examiner.com,9397395618
71,Honorable,Turner,Hilary,Chatenier,Male,1971-05-01,godaddy.com,TurnerHilary.Chatenier@godaddy.com,6318988581
72,Dr,Sallee,Antonetta,Rosenschein,Female,1991-10-18,wiley.com,SalleeAntonetta.Rosenschein@wiley.com,3459237685
73,,Martainn,,Assaf,Male,1980-04-15,epa.gov,Martainn.Assaf@epa.gov,8409400159
74,Mr,Thor,Bartholomew,MacAllaster,Male,1990-02-25,phoca.cz,ThorBartholomew.MacAllaster@phoca.cz,1787481690
75,Honorable,Nial,,Sapsford,Male,1972-04-10,gmpg.org,Nial.Sapsford@gmpg.org,3487853456
76,Mrs,Wheeler,,Toyne,Male,1989-08-01,about.com,Wheeler.Toyne@about.com,1195755490
77,Dr,Dannye,,Overnell,Female,1978-10-05,sbwire.com,Dannye.Overnell@sbwire.com,4656195102
78,Honorable,Clotilda,,Phinnis,Female,1975-05-26,thetimes.co.uk,Clotilda.Phinnis@thetimes.co.uk,6622061632
79,Honorable,Raimondo,,Jump,Male,1975-07-15,multiply.com,Raimondo.Jump@multiply.com,3702591504
80,Dr,Chantal,,Stoffler,Female,1986-10-28,time.com,Chantal.Stoffler@time.com,9189907511
81,Rev,Delmor,,Elleray,Male,1985-11-18,altervista.org,Delmor.Elleray@altervista.org,8809322766
82,,Baxter,,Bonafant,Male,1990-12-12,gov.uk,Baxter.Bonafant@gov.uk,8824976607
83,Mrs,Sheff,,De Paoli,Male,1984-10-31,dmoz.org,Sheff.De Paoli@dmoz.org,4988069582
84,Honorable,Ulric,,Stopper,Male,1991-02-21,imdb.com,Ulric.Stopper@imdb.com,9558546098
85,Mrs,Donnamarie,,Grimble,Female,1995-06-29,etsy.com,Donnamarie.Grimble@etsy.com,5044476353
86,Rev,Nicol,,Boundey,Male,1985-03-29,vistaprint.com,Nicol.Boundey@vistaprint.com,6043273693
87,Dr,Bruce,,Guerreau,Male,1983-12-14,twitpic.com,Bruce.Guerreau@twitpic.com,4787134280
88,Rev,Trent,,Postins,Male,1984-05-31,usnews.com,Trent.Postins@usnews.com,2628439374
89,Mr,Giulia,,Bloyes,Female,1991-05-12,icq.com,Giulia.Bloyes@icq.com,3581302111
90,Ms,Jemie,,Olivetta,Female,1981-08-12,army.mil,Jemie.Olivetta@army.mil,9522277923
91,Dr,Kristoforo,West,Cordelle,Male,1982-12-13,ted.com,KristoforoWest.Cordelle@ted.com,7982036513
92,Mr,Colline,,Ambrogini,Female,1987-09-14,dmoz.org,Colline.Ambrogini@dmoz.org,9533867796
93,Honorable,Judye,Nikkie,Veronique,Female,1979-01-27,weibo.com,JudyeNikkie.Veronique@weibo.com,8014131073
94,Dr,Marga,,Kilmaster,Female,1991-01-07,cpanel.net,Marga.Kilmaster@cpanel.net,8477585152
95,,Nina,,Frostdick,Female,1988-07-31,hexun.com,Nina.Frostdick@hexun.com,5233515809
96,Dr,Mollee,Hannie,Cran,Female,1974-07-21,nih.gov,MolleeHannie.Cran@nih.gov,2052769162
97,Honorable,Carroll,,Yerrill,Female,1984-10-14,state.tx.us,Carroll.Yerrill@state.tx.us,2071394516
98,Mr,Pia,Colene,Sellek,Female,1994-12-06,bizjournals.com,PiaColene.Sellek@bizjournals.com,4016701240
99,Rev,Michele,,Brigden,Male,1986-06-30,cisco.com,Michele.Brigden@cisco.com,7888298841
100,Dr,Wally,,Lyst,Female,1981-03-08,tumblr.com,Wally.Lyst@tumblr.com,4486962264
101,Dr,Joycelin,Darrelle,Murrison,Female,1978-06-27,ebay.com,JoycelinDarrelle.Murrison@ebay.com,7623661967
102,Dr,Burke,,Gligoraci,Male,1991-04-10,nydailynews.com,Burke.Gligoraci@nydailynews.com,1429204609
103,Dr,Lynde,Jaquelin,Lambden,Female,1975-12-22,twitpic.com,LyndeJaquelin.Lambden@twitpic.com,1077771170
104,Ms,Carmel,,Wasielewicz,Female,1989-06-24,jiathis.com,Carmel.Wasielewicz@jiathis.com,4035147537
105,Mr,Corrie,,Adlington,Male,1991-12-09,narod.ru,Corrie.Adlington@narod.ru,8032026868
106,Dr,Ivette,,Perks,Female,1983-07-28,goo.gl,Ivette.Perks@goo.gl,2713090099
107,Ms,Darlene,,Sissons,Female,1971-07-31,rakuten.co.jp,Darlene.Sissons@rakuten.co.jp,6629108767
108,Dr,Alisander,,Reddle,Male,1994-01-08,addtoany.com,Alisander.Reddle@addtoany.com,9263896906
109,Rev,Rodi,Marya,Ruff,Female,1989-04-18,angelfire.com,RodiMarya.Ruff@angelfire.com,6611746542
110,Dr,Gerome,Kliment,Apted,Male,1986-12-04,purevolume.com,GeromeKliment.Apted@purevolume.com,7046532480
111,,Vivianne,,Batch,Female,1983-04-19,php.net,Vivianne.Batch@php.net,3233264542
112,,Danell,Nettle,Biddiss,Female,1972-08-03,etsy.com,DanellNettle.Biddiss@etsy.com,8505979110
113,Ms,Holli,,Walmsley,Female,1981-09-21,ucla.edu,Holli.Walmsley@ucla.edu,2071877817
114,Honorable,Maria,Ede,Bernardeau,Female,1973-01-09,pbs.org,MariaEde.Bernardeau@pbs.org,2939444632
115,Honorable,Stewart,Hamid,Westmarland,Male,1976-10-26,geocities.jp,StewartHamid.Westmarland@geocities.jp,9763518577
116,Honorable,Law,,Pelman,Male,1976-11-10,163.com,Law.Pelman@163.com,2889976977
117,Mrs,Brucie,,Bramont,Male,1987-05-29,stumbleupon.com,Brucie.Bramont@stumbleupon.com,3693775186
118,Rev,Dyanne,,McMeyler,Female,1971-11-17,youtu.be,Dyanne.McMeyler@youtu.be,9955307992
119,Honorable,Almeda,,Fery,Female,1976-04-29,youku.com,Almeda.Fery@youku.com,5596990109
120,,Rouvin,Stan,Trolley,Male,1981-07-29,cdbaby.com,RouvinStan.Trolley@cdbaby.com,6983489076
121,Rev,Talbert,,MacLaverty,Male,1982-08-16,statcounter.com,Talbert.MacLaverty@statcounter.com,2001354037
122,Rev,Barris,Pedro,Millions,Male,1983-08-18,seattletimes.com,BarrisPedro.Millions@seattletimes.com,7727311787
123,,Hedvig,Corella,Southcott,Female,1979-09-14,cloudflare.com,HedvigCorella.Southcott@cloudflare.com,4068356232
124,Ms,Merrick,,Webley,Male,1992-08-02,twitter.com,Merrick.Webley@twitter.com,5593736318
125,Mr,Stanwood,Barrett,Haggarth,Male,1986-09-14,mtv.com,StanwoodBarrett.Haggarth@mtv.com,5193437704
126,Mrs,Viviene,Heather,Monnelly,Female,1988-06-06,ycombinator.com,VivieneHeather.Monnelly@ycombinator.com,2572971749
127,Dr,Mercy,,Dwyr,Female,1972-01-25,fema.gov,Mercy.Dwyr@fema.gov,3065708176
128,,Vivia,,Skellon,Female,1982-12-19,instagram.com,Vivia.Skellon@instagram.com,3591696680
129,Honorable,Ralph,Diego,Mariner,Male,1994-08-06,google.pl,RalphDiego.Mariner@google.pl,1684844508
130,Mrs,Alexei,,Kitteringham,Male,1977-05-04,opensource.org,Alexei.Kitteringham@opensource.org,6273580537
131,Honorable,Darda,,Gall,Female,1986-10-01,pagesperso-orange.fr,Darda.Gall@pagesperso-orange.fr,2226119443
132,,Rina,,Kyncl,Female,1971-09-22,seattletimes.com,Rina.Kyncl@seattletimes.com,7916946160
133,Mrs,Jourdain,,Tithecott,Male,1991-05-22,cam.ac.uk,Jourdain.Tithecott@cam.ac.uk,8123391984
134,,Gan,Bram,Cockland,Male,1982-12-23,smh.com.au,GanBram.Cockland@smh.com.au,2034621527
135,Ms,Morgan,,Mitchiner,Male,1984-05-22,wikipedia.org,Morgan.Mitchiner@wikipedia.org,4299472203
136,Dr,Samuele,,Tumioto,Male,1984-05-08,boston.com,Samuele.Tumioto@boston.com,3536172699
137,,Crichton,,Parkeson,Male,1974-05-22,soundcloud.com,Crichton.Parkeson@soundcloud.com,2125629196
138,Mrs,Sephira,Nikki,Grewes,Female,1971-09-12,fema.gov,SephiraNikki.Grewes@fema.gov,4308662087
139,Rev,Sanders,,Hatje,Male,1988-04-03,huffingtonpost.com,Sanders.Hatje@huffingtonpost.com,9518241684
140,Ms,Lamont,,Benedicto,Male,1981-11-02,geocities.com,Lamont.Benedicto@geocities.com,5671163169
141,,Sarajane,,Hagard,Female,1990-05-22,abc.net.au,Sarajane.Hagard@abc.net.au,3535641179
142,Dr,Jade,,Rickerd,Female,1993-06-15,cloudflare.com,Jade.Rickerd@cloudflare.com,6493130473
143,Mrs,Melinde,Aeriell,Merrill,Female,1993-08-06,addthis.com,MelindeAeriell.Merrill@addthis.com,7301913279
144,Ms,Karole,,Duffet,Female,1992-10-03,spotify.com,Karole.Duffet@spotify.com,8287221093
145,Ms,Seamus,,Quenell,Male,1993-10-02,netvibes.com,Seamus.Quenell@netvibes.com,4321327726
146,Honorable,Roanna,,Ouldcott,Female,1986-08-11,google.ca,Roanna.Ouldcott@google.ca,8376482481
147,Ms,Valdemar,,Camoys,Male,1990-04-13,nyu.edu,Valdemar.Camoys@nyu.edu,6064157402
148,Ms,Earl,,Nazaret,Male,1983-10-19,ihg.com,Earl.Nazaret@ihg.com,7852623121
149,Rev,Angelle,,Crispe,Female,1993-08-15,bloomberg.com,Angelle.Crispe@bloomberg.com,5142008082
150,Rev,Ruprecht,,Grieve,Male,1990-05-24,discovery.com,Ruprecht.Grieve@discovery.com,8213710767
151,Honorable,Nara,Rosella,Wailes,Female,1972-12-21,blogger.com,NaraRosella.Wailes@blogger.com,7602555568
152,,Jeniffer,,Twinn,Female,1992-03-24,123-reg.co.uk,Jeniffer.Twinn@123-reg.co.uk,5364422693
153,Honorable,Joana,,Allbon,Female,1980-03-03,wiley.com,Joana.Allbon@wiley.com,5701482150
154,,Dickie,,Dewdney,Male,1981-07-31,pen.io,Dickie.Dewdney@pen.io,6354538445
155,Ms,Jolynn,Clemmy,Bussons,Female,1975-12-02,naver.com,JolynnClemmy.Bussons@naver.com,1933796652
156,Ms,Nathan,Justino,Wordsley,Male,1985-11-30,time.com,NathanJustino.Wordsley@time.com,1348434247
157,,Rinaldo,Raimondo,Went,Male,1990-11-12,live.com,RinaldoRaimondo.Went@live.com,8323026175
158,Ms,Ciro,,Beacom,Male,1995-10-22,globo.com,Ciro.Beacom@globo.com,2268319895
159,,Marrissa,,Coase,Female,1985-06-15,nsw.gov.au,Marrissa.Coase@nsw.gov.au,7925159689
160,Mrs,Rex,,Durbann,Male,1990-10-27,who.int,Rex.Durbann@who.int,7929572961
161,Ms,Chico,,Duguid,Male,1985-11-13,army.mil,Chico.Duguid@army.mil,5549838450
162,Ms,Farah,,Blewmen,Female,1990-03-17,nps.gov,Farah.Blewmen@nps.gov,2291660057
163,Mr,Alvera,,Bibey,Female,1992-06-18,xinhuanet.com,Alvera.Bibey@xinhuanet.com,2148955639
164,Rev,Riley,Cletus,Yellowlees,Male,1978-03-25,diigo.com,RileyCletus.Yellowlees@diigo.com,9607935501
165,Rev,Wendeline,,Cornils,Female,1977-08-02,xinhuanet.com,Wendeline.Cornils@xinhuanet.com,2471698977
166,Ms,Diannne,,Tatlow,Female,1982-06-10,buzzfeed.com,Diannne.Tatlow@buzzfeed.com,6033351513
167,Mrs,Melvin,,Croughan,Male,1981-10-29,typepad.com,Melvin.Croughan@typepad.com,6547242177
168,,Del,,Darrigone,Male,1993-07-04,indiatimes.com,Del.Darrigone@indiatimes.com,8745672859
169,Rev,Silvain,Barnabe,Waterdrinker,Male,1994-09-30,goo.ne.jp,SilvainBarnabe.Waterdrinker@goo.ne.jp,8643227426
170,Mr,Elroy,,Mold,Male,1990-02-10,google.fr,Elroy.Mold@google.fr,7233018381
171,Mrs,Sherlock,,Marion,Male,1979-01-11,ow.ly,Sherlock.Marion@ow.ly,3643365741
172,,Cathlene,,Reddle,Female,1985-01-08,taobao.com,Cathlene.Reddle@taobao.com,6783832966
173,Mrs,Lisabeth,,Spofford,Female,1978-02-04,sogou.com,Lisabeth.Spofford@sogou.com,5555646208
174,Ms,Reidar,,Aksell,Male,1980-11-29,liveinternet.ru,Reidar.Aksell@liveinternet.ru,2988307207
175,,Mariam,,Cogley,Female,1971-04-05,skyrock.com,Mariam.Cogley@skyrock.com,8136790776
176,Mr,Arvy,,Mayhew,Male,1986-12-05,1688.com,Arvy.Mayhew@1688.com,5362410777
177,,Janie,,Gandley,Female,1972-04-03,usda.gov,Janie.Gandley@usda.gov,8036900035
178,,Phyllis,Mignon,Garcia,Female,1977-09-07,apache.org,PhyllisMignon.Garcia@apache.org,4259019036
179,Mr,Delcine,,Childerley,Female,1984-06-17,squidoo.com,Delcine.Childerley@squidoo.com,5012522702
180,Honorable,Elsinore,Jess,Ortiga,Female,1977-10-20,vimeo.com,ElsinoreJess.Ortiga@vimeo.com,2625651822
181,Rev,Rudolfo,,Sandry,Male,1971-07-22,icio.us,Rudolfo.Sandry@icio.us,6108799662
182,Dr,Brynn,,Briffett,Female,1992-10-20,thetimes.co.uk,Brynn.Briffett@thetimes.co.uk,8786519352
183,Rev,Shay,,Sier,Male,1976-11-09,cam.ac.uk,Shay.Sier@cam.ac.uk,5244959516
184,Ms,Thomasin,Lory,Petrovic,Female,1979-07-11,cnn.com,ThomasinLory.Petrovic@cnn.com,9036151456
185,,Khalil,Malcolm,Aspole,Male,1990-10-16,artisteer.com,KhalilMalcolm.Aspole@artisteer.com,4076722908
186,Dr,Adolf,,Littleton,Male,1984-10-30,mlb.com,Adolf.Littleton@mlb.com,8194287961
187,Ms,Ode,,Strutz,Male,1972-07-21,linkedin.com,Ode.Strutz@linkedin.com,4845283028
188,Mr,Dorelia,Ana,Critchley,Female,1984-12-28,google.co.uk,DoreliaAna.Critchley@google.co.uk,9748920382
189,Mrs,Quinn,,Wookey,Male,1982-08-24,instagram.com,Quinn.Wookey@instagram.com,1669317268
190,Dr,Sileas,,Mounsey,Female,1979-03-21,vkontakte.ru,Sileas.Mounsey@vkontakte.ru,9852161535
191,,Wilmar,,Fittis,Male,1972-03-07,msu.edu,Wilmar.Fittis@msu.edu,8602520802
192,,Andie,Hilliard,O'Grada,Male,1995-07-15,blogspot.com,AndieHilliard.O'Grada@blogspot.com,4556423128
193,Mr,Allis,Melania,Pardey,Female,1993-03-16,123-reg.co.uk,AllisMelania.Pardey@123-reg.co.uk,2289762990
194,Rev,Orren,Ricky,Sapey,Male,1971-01-16,acquirethisname.com,OrrenRicky.Sapey@acquirethisname.com,6239881917
195,,Gwenni,,Mossop,Female,1975-07-11,usa.gov,Gwenni.Mossop@usa.gov,3507751166
196,Ms,Sarge,,Ivanshintsev,Male,1982-09-18,weebly.com,Sarge.Ivanshintsev@weebly.com,9354368227
197,,Annabelle,Dannye,Carette,Female,1991-09-10,globo.com,AnnabelleDannye.Carette@globo.com,9751826849
198,,Tawsha,,Pepye,Female,1976-06-28,barnesandnoble.com,Tawsha.Pepye@barnesandnoble.com,3097335247
199,,Konstantine,Olag,Sibbons,Male,1979-07-28,opera.com,KonstantineOlag.Sibbons@opera.com,8676366608
200,Honorable,Tally,Brit,Isakowicz,Male,1989-11-14,bizjournals.com,TallyBrit.Isakowicz@bizjournals.com,7617952559
201,Rev,Orren,Donalt,Whittlesea,Male,1995-10-23,google.com,OrrenDonalt.Whittlesea@google.com,7734363255
202,Ms,Lula,Romola,Prati,Female,1971-12-16,eventbrite.com,LulaRomola.Prati@eventbrite.com,2289781603
203,Ms,Caralie,,Hapke,Female,1974-08-21,opera.com,Caralie.Hapke@opera.com,4376156694
204,Rev,Welby,,Breagan,Male,1983-05-18,weebly.com,Welby.Breagan@weebly.com,6252469182
205,,Kara,Sascha,Arp,Female,1994-04-12,google.ru,KaraSascha.Arp@google.ru,1747568004
206,Dr,Annecorinne,,Collin,Female,1989-07-12,jigsy.com,Annecorinne.Collin@jigsy.com,4029575887
207,Mr,Hale,Hashim,Peschke,Male,1994-06-14,themeforest.net,HaleHashim.Peschke@themeforest.net,9229064838
208,,Thorsten,,Duddridge,Male,1972-05-27,cyberchimps.com,Thorsten.Duddridge@cyberchimps.com,3827163687
209,Mrs,Corabella,,Doubrava,Female,1995-04-13,washingtonpost.com,Corabella.Doubrava@washingtonpost.com,6613761333
210,,Casandra,,Whitwood,Female,1992-03-21,artisteer.com,Casandra.Whitwood@artisteer.com,7706715646
211,,Carlo,Roberto,Roze,Male,1974-05-01,seattletimes.com,CarloRoberto.Roze@seattletimes.com,1741731901
212,Dr,Boothe,Rancell,Parlour,Male,1986-03-10,wufoo.com,BootheRancell.Parlour@wufoo.com,3245263631
213,Ms,Talia,Dianna,Bristoe,Female,1994-11-23,netscape.com,TaliaDianna.Bristoe@netscape.com,7079638998
214,Ms,Guthrey,,Narramor,Male,1994-11-29,xing.com,Guthrey.Narramor@xing.com,5281562778
215,,Dante,,Gehrels,Male,1981-05-12,bandcamp.com,Dante.Gehrels@bandcamp.com,6766971993
216,Rev,Kin,,Andriesse,Male,1990-01-05,jigsy.com,Kin.Andriesse@jigsy.com,8804788875
217,Honorable,Harri,,Plumstead,Female,1991-02-22,scribd.com,Harri.Plumstead@scribd.com,5424765634
218,Dr,Ximenes,,Betteson,Male,1981-05-17,ihg.com,Ximenes.Betteson@ihg.com,1909735743
219,Mrs,Sapphire,,McGrill,Female,1973-01-24,ihg.com,Sapphire.McGrill@ihg.com,5867594254
220,Mr,Kimberlee,,Ethelston,Female,1990-09-25,cisco.com,Kimberlee.Ethelston@cisco.com,8341556051
